{"cameraMode":{"drawMode":0,"name":"Shaded","section":"Shading Mode"},"sceneLighting":true,"audioPlay":false,"sceneViewState":{"showFog":true,"showMaterialUpdate":false,"showSkybox":true,"showFlares":true,"showImageEffects":true,"showParticleSystems":true},"in2DMode":false,"pivot":{"x":20.41014289855957,"y":2.568523406982422,"z":-2.12347412109375},"rotation":{"x":-0.10873240232467652,"y":0.8615273237228394,"z":-0.4501640498638153,"w":-0.20809276401996613},"size":50.80514907836914,"orthographic":false}