{"cameraMode":{"drawMode":0,"name":"Shaded","section":"Shading Mode"},"sceneLighting":true,"audioPlay":false,"sceneViewState":{"showFog":true,"showMaterialUpdate":false,"showSkybox":true,"showFlares":true,"showImageEffects":true,"showParticleSystems":true},"in2DMode":false,"pivot":{"x":27.936859130859376,"y":11.521900177001954,"z":8.73065185546875},"rotation":{"x":-0.06817986816167832,"y":0.8858209848403931,"z":-0.43777546286582949,"w":-0.1379590779542923},"size":21.12221336364746,"orthographic":false}