{"cameraMode":{"drawMode":0,"name":"Shaded","section":"Shading Mode"},"sceneLighting":true,"audioPlay":false,"sceneViewState":{"showFog":true,"showMaterialUpdate":false,"showSkybox":true,"showFlares":true,"showImageEffects":true,"showParticleSystems":true},"in2DMode":false,"pivot":{"x":24.968936920166017,"y":16.15553092956543,"z":3.993896484375},"rotation":{"x":-0.10439668595790863,"y":0.8794508576393127,"z":-0.4054648280143738,"w":-0.22643545269966126},"size":19.342243194580079,"orthographic":false}