{"cameraMode":{"drawMode":0,"name":"Shaded","section":"Shading Mode"},"sceneLighting":false,"audioPlay":false,"sceneViewState":{"showFog":true,"showMaterialUpdate":false,"showSkybox":false,"showFlares":true,"showImageEffects":true,"showParticleSystems":true},"in2DMode":false,"pivot":{"x":8.4399995803833,"y":4.309999942779541,"z":-8.550000190734864},"rotation":{"x":-0.1388736069202423,"y":0.8380836844444275,"z":-0.46418970823287966,"w":-0.2507326006889343},"size":0.8660253882408142,"orthographic":false}